{
  "depth_1": {
    "n_wall": 51,
    "elapsed": 3.781846761703491,
    "trials": [
      {
        "beam_y": 3.0,
        "outcome": "screen",
        "final_y": 3.112144932381092,
        "final_x": 20.02080916502081,
        "final_px": 15.301433759090868,
        "final_py": 0.08799421329706396,
        "ticks": 1047,
        "trajectory_x": [
          7.239017723121543,
          10.104907295546834,
          12.970788300638814,
          15.836672419702634,
          18.70251663807797
        ],
        "trajectory_y": [
          3.0413599546033505,
          3.057184594616337,
          3.0728764412488356,
          3.0886798781353377,
          3.104695374936488
        ]
      },
      {
        "beam_y": 2.5,
        "outcome": "screen",
        "final_y": 2.3153715995162245,
        "final_x": 20.00029789286548,
        "final_px": 15.080806730879232,
        "final_py": -0.13373297084769356,
        "ticks": 1055,
        "trajectory_x": [
          7.156643963015416,
          9.987701309248393,
          12.817589122379292,
          15.646247339859134,
          18.473797216120527
        ],
        "trajectory_y": [
          2.4324796305207292,
          2.4062247884184975,
          2.380166887647204,
          2.3544096569411415,
          2.328975564777956
        ]
      },
      {
        "beam_y": 3.5,
        "outcome": "screen",
        "final_y": 3.9922590204823236,
        "final_x": 20.00100575447332,
        "final_px": 14.877782244013098,
        "final_py": 0.363106894756507,
        "ticks": 1066,
        "trajectory_x": [
          7.054686808295858,
          9.836820798970475,
          12.619899707636783,
          15.404282477442184,
          18.189843329798183
        ],
        "trajectory_y": [
          3.677209232323319,
          3.7454223776706885,
          3.813090111858392,
          3.8806298983938454,
          3.948236246754667
        ]
      },
      {
        "beam_y": 2.1,
        "outcome": "reflected",
        "final_y": null,
        "final_x": -30.001618584863134,
        "final_px": -14.594487022178553,
        "final_py": 1.4847417116030337,
        "ticks": 1519,
        "trajectory_x": [
          -18.55978749492106,
          -21.297401639311452,
          -24.03477773976716,
          -26.771966518851634,
          -29.508987175429233
        ],
        "trajectory_y": [
          3.5330370719003596,
          3.808047424761022,
          4.0844130903948495,
          4.361759624648902,
          4.639836706690564
        ]
      },
      {
        "beam_y": 3.9,
        "outcome": "reflected",
        "final_y": null,
        "final_x": -30.024571045998435,
        "final_px": -14.877549592100753,
        "final_py": -0.9373550176857919,
        "ticks": 1467,
        "trajectory_x": [
          -17.015231902993257,
          -19.81034234354511,
          -22.60324530305907,
          -25.394374818173794,
          -28.184060269642142
        ],
        "trajectory_y": [
          3.243473362868736,
          3.0705427807120933,
          2.896533322464014,
          2.7218488512648915,
          2.546728728969776
        ]
      }
    ]
  },
  "depth_5": {
    "n_wall": 255,
    "elapsed": 22.395583391189575,
    "trials": [
      {
        "beam_y": 3.0,
        "outcome": "reflected",
        "final_y": null,
        "final_x": -30.000313692666516,
        "final_px": -0.5425851400499334,
        "final_py": -6.112543091579099,
        "ticks": 21496,
        "trajectory_x": [
          -29.495773763677395,
          -29.59771750609252,
          -29.699652909873734,
          -29.80157996692343,
          -29.90349866938851
        ],
        "trajectory_y": [
          -237.32254445852868,
          -238.47105544371942,
          -239.61946018771656,
          -240.76775876549888,
          -241.91595125155783
        ]
      },
      {
        "beam_y": 2.5,
        "outcome": "reflected",
        "final_y": null,
        "final_x": -30.002589107425997,
        "final_px": -3.1038892744167215,
        "final_py": 5.064908278952651,
        "ticks": 4937,
        "trajectory_x": [
          -27.46713011416005,
          -28.048444327794293,
          -28.629893674778803,
          -29.211467344628474,
          -29.793155319460304
        ],
        "trajectory_y": [
          42.449618639982326,
          43.399908270037365,
          44.34993370550116,
          45.29970770855572,
          46.249241873216185
        ]
      },
      {
        "beam_y": 3.5,
        "outcome": "reflected",
        "final_y": null,
        "final_x": -30.002384241764773,
        "final_px": -4.696114284291624,
        "final_py": -0.4380410149710559,
        "ticks": 3367,
        "trajectory_x": [
          -25.88531532767201,
          -26.772109647139533,
          -27.65693523549384,
          -28.539986699784134,
          -29.421433320021684
        ],
        "trajectory_y": [
          4.724698993567271,
          4.639984043227186,
          4.555960780862369,
          4.472572496925783,
          4.389768212868655
        ]
      },
      {
        "beam_y": 2.1,
        "outcome": "reflected",
        "final_y": null,
        "final_x": -30.010064857336513,
        "final_px": -11.512248100750938,
        "final_py": 0.2603933976033901,
        "ticks": 1755,
        "trajectory_x": [
          -20.17159430661076,
          -22.348728032764523,
          -24.519404475331903,
          -26.684588398575794,
          -28.84510483241827
        ],
        "trajectory_y": [
          -2.511892467873385,
          -2.4894505751287594,
          -2.457446587898401,
          -2.4183395821375013,
          -2.373847610769522
        ]
      },
      {
        "beam_y": 3.9,
        "outcome": "reflected",
        "final_y": null,
        "final_x": -30.008922017942243,
        "final_px": -12.776097688790466,
        "final_py": -2.527038310324389,
        "ticks": 1494,
        "trajectory_x": [
          -18.02550699557557,
          -20.506878922194126,
          -22.956291892479484,
          -25.380861256591462,
          -27.785988792468245
        ],
        "trajectory_y": [
          4.715912965826411,
          4.187041727445028,
          3.67195157180751,
          3.1704519686229395,
          2.6814051656288482
        ]
      }
    ]
  },
  "depth_10": {
    "n_wall": 510,
    "elapsed": 9.181756734848022,
    "trials": [
      {
        "beam_y": 3.0,
        "outcome": "reflected",
        "final_y": null,
        "final_x": -30.00019839147135,
        "final_px": -3.7305205308758156,
        "final_py": -0.053551920592889664,
        "ticks": 5588,
        "trajectory_x": [
          -26.58833222472043,
          -27.289935625757852,
          -27.990991726331092,
          -28.69152520122773,
          -29.391559144512247
        ],
        "trajectory_y": [
          4.4889195385273934,
          4.482488339259429,
          4.475145339549345,
          4.466947606823479,
          4.457947587062345
        ]
      },
      {
        "beam_y": 2.5,
        "outcome": "reflected",
        "final_y": null,
        "final_x": -30.011250498569336,
        "final_px": -6.564174584480472,
        "final_py": 0.473346135615841,
        "ticks": 2458,
        "trajectory_x": [
          -24.433021275714026,
          -25.64254801966115,
          -26.858998595298083,
          -28.081495152536977,
          -29.30928874405599
        ],
        "trajectory_y": [
          6.3108708552486386,
          6.410881514582928,
          6.5072993910536985,
          6.600859569748485,
          6.692128141928563
        ]
      },
      {
        "beam_y": 3.5,
        "outcome": "reflected",
        "final_y": null,
        "final_x": -30.001076666651645,
        "final_px": -8.457567233975544,
        "final_py": 5.150746699707048,
        "ticks": 2063,